mutational_propensity	cancer_type	chr_pos_ref_alt	rsid	cis_gene	Beta_value	Weak	weakFDR	P	FDR	cytoband
MP2	pan-cancer	20:30315418:CTCTT:C	rs374727620:30315418:CTCTT:C	COX4I2	-0.572421750586796	1.81001253805719E-08	2.35301629947435E-07	0.007465684136343	0.097053893772463	20q11.21
MP2	pan-cancer	20:30323141:A:G	rs6089054:30323141:A:G	COX4I2	-0.595348908643305	1.08521497831811E-08	1.41077947181354E-07	0.005155030198655	0.067015392582521	20q11.21
MP2	pan-cancer	20:30325765:G:A	rs6087775:30325765:G:A	COX4I2	-0.595348908643305	1.08521497831811E-08	1.41077947181354E-07	0.005155030198655	0.067015392582521	20q11.21
MP2	pan-cancer	20:30331047:G:A	rs4453755:30331047:G:A	COX4I2	-0.595348908643305	1.08521497831811E-08	1.51930096964535E-07	0.005155030198655	0.072170422781177	20q11.21
MP2	pan-cancer	20:30333392:G:A	rs6060921:30333392:G:A	COX4I2	-0.597565625027211	7.45410915969639E-09	1.04357528235749E-07	0.004491174368263	0.062876441155686	20q11.21
MP2	pan-cancer	20:30336992:A:G	rs6060924:30336992:A:G	COX4I2	-0.61223601651115	8.47989586360439E-09	1.18718542090461E-07	0.00401724641949	0.056241449872854	20q11.21
MP2	pan-cancer	20:30340663:T:C	rs2376998:30340663:T:C	COX4I2	-0.590489610973186	9.84754075295723E-09	1.37865570541401E-07	0.005298877311673	0.074184282363425	20q11.21
MP2	pan-cancer	20:30351759:C:T	rs111551598:30351759:C:T	COX4I2	-0.588811631554237	1.02004762238583E-08	1.42806667134016E-07	0.005465232442488	0.076513254194832	20q11.21
MP2	pan-cancer	20:30358894:G:C	rs6089067:30358894:G:C	COX4I2	-0.581328270071644	5.84510443008047E-09	8.18314620211266E-08	0.005173703688297	0.072431851636154	20q11.21
MP2	pan-cancer	20:30367674:C:T	rs6058462:30367674:C:T	COX4I2	-0.588811631554237	1.02004762238583E-08	1.42806667134016E-07	0.005465232442488	0.076513254194832	20q11.21
MP2	pan-cancer	20:30372114:G:A	rs6060944:30372114:G:A	COX4I2	-0.584287640315592	2.1009047116617E-08	2.94126659632638E-07	0.006811030124595	0.095354421744332	20q11.21
MP2	pan-cancer	20:30373321:T:A	rs6060945:30373321:T:A	COX4I2	-0.583141343607461	7.13136840212318E-09	9.98391576297245E-08	0.005327528168415	0.074585394357811	20q11.21
MP2	pan-cancer	6:24529992:T:TG	rs35413356:24529992:T:TG	ALDH5A1	-1.12249724115409	8.60077754726607E-05	0.000516046652836	0.011187711551167	0.067126269307	6p22.3
